{"cameraMode":{"drawMode":0,"name":"Shaded","section":"Shading Mode"},"sceneLighting":false,"audioPlay":false,"sceneViewState":{"showFog":true,"showMaterialUpdate":false,"showSkybox":false,"showFlares":true,"showImageEffects":true,"showParticleSystems":true},"in2DMode":false,"pivot":{"x":12.056973457336426,"y":-4.455852508544922,"z":7.671724319458008},"rotation":{"x":0.09952589869499207,"y":-0.8593825101852417,"z":0.46691757440567019,"w":0.18318022787570954},"size":2.8303754329681398,"orthographic":false}