{"cameraMode":{"drawMode":0,"name":"Shaded","section":"Shading Mode"},"sceneLighting":false,"audioPlay":false,"sceneViewState":{"showFog":true,"showMaterialUpdate":false,"showSkybox":false,"showFlares":true,"showImageEffects":true,"showParticleSystems":true},"in2DMode":false,"pivot":{"x":1.5928981304168702,"y":2.365304946899414,"z":-5.210897922515869},"rotation":{"x":-0.21114057302474976,"y":-0.18804019689559937,"z":0.04167301207780838,"w":-0.9583571553230286},"size":3.5671658515930177,"orthographic":false}