{"cameraMode":{"drawMode":0,"name":"Shaded","section":"Shading Mode"},"sceneLighting":false,"audioPlay":false,"sceneViewState":{"showFog":true,"showMaterialUpdate":false,"showSkybox":false,"showFlares":true,"showImageEffects":true,"showParticleSystems":true},"in2DMode":false,"pivot":{"x":0.12466061115264893,"y":0.11896118521690369,"z":-1.1920928955078126e-7},"rotation":{"x":-0.04875835031270981,"y":0.9496011734008789,"z":-0.18844379484653474,"w":-0.24570167064666749},"size":2.4476661682128908,"orthographic":false}