{"cameraMode":{"drawMode":0,"name":"Shaded","section":"Shading Mode"},"sceneLighting":false,"audioPlay":false,"sceneViewState":{"showFog":true,"showMaterialUpdate":false,"showSkybox":false,"showFlares":true,"showImageEffects":true,"showParticleSystems":true},"in2DMode":false,"pivot":{"x":0.08310717344284058,"y":0.07930745184421539,"z":-5.960464477539063e-8},"rotation":{"x":-0.07166929543018341,"y":0.9269746541976929,"z":-0.23281650245189668,"w":-0.28526997566223147},"size":1.6317774057388306,"orthographic":false}