{"cameraMode":{"drawMode":0,"name":"Shaded","section":"Shading Mode"},"sceneLighting":false,"audioPlay":false,"sceneViewState":{"showFog":true,"showMaterialUpdate":false,"showSkybox":false,"showFlares":true,"showImageEffects":true,"showParticleSystems":true},"in2DMode":false,"pivot":{"x":0.055937886238098147,"y":1.866997480392456,"z":-0.055216073989868167},"rotation":{"x":0.041181646287441257,"y":-0.9587465524673462,"z":0.20524975657463075,"w":0.1923491358757019},"size":2.8756821155548097,"orthographic":false}