{"cameraMode":{"drawMode":0,"name":"Shaded","section":"Shading Mode"},"sceneLighting":false,"audioPlay":false,"sceneViewState":{"showFog":true,"showMaterialUpdate":false,"showSkybox":false,"showFlares":true,"showImageEffects":true,"showParticleSystems":true},"in2DMode":false,"pivot":{"x":0.0,"y":3.3509182929992677,"z":0.20523712038993836},"rotation":{"x":-0.029014013707637788,"y":-0.9644085764884949,"z":0.23300330340862275,"w":-0.12227480113506317},"size":8.100305557250977,"orthographic":false}