{"cameraMode":{"drawMode":0,"name":"Shaded","section":"Shading Mode"},"sceneLighting":false,"audioPlay":false,"sceneViewState":{"showFog":true,"showMaterialUpdate":false,"showSkybox":false,"showFlares":true,"showImageEffects":true,"showParticleSystems":true},"in2DMode":false,"pivot":{"x":0.10338473320007324,"y":0.3080728054046631,"z":0.020784854888916017},"rotation":{"x":-0.07166929543018341,"y":0.9269746541976929,"z":-0.23281650245189668,"w":-0.28526997566223147},"size":3.314556837081909,"orthographic":false}