{"cameraMode":{"drawMode":0,"name":"Shaded","section":"Shading Mode"},"sceneLighting":false,"audioPlay":false,"sceneViewState":{"showFog":true,"showMaterialUpdate":false,"showSkybox":false,"showFlares":true,"showImageEffects":true,"showParticleSystems":true},"in2DMode":false,"pivot":{"x":-0.08469617366790772,"y":0.07484093308448792,"z":5.960464477539063e-8},"rotation":{"x":0.10653436928987503,"y":0.39545875787734988,"z":-0.04623991996049881,"w":0.9111167788505554},"size":1.6289212703704835,"orthographic":false}