{"cameraMode":{"drawMode":0,"name":"Shaded","section":"Shading Mode"},"sceneLighting":false,"audioPlay":false,"sceneViewState":{"showFog":true,"showMaterialUpdate":false,"showSkybox":false,"showFlares":true,"showImageEffects":true,"showParticleSystems":true},"in2DMode":false,"pivot":{"x":-12.679854393005371,"y":-7.037074565887451,"z":-1.3729606866836548},"rotation":{"x":0.03675340488553047,"y":-0.9229198694229126,"z":0.37227919697761538,"w":0.09111560881137848},"size":6.807614803314209,"orthographic":false}