{"cameraMode":{"drawMode":0,"name":"Shaded","section":"Shading Mode"},"sceneLighting":false,"audioPlay":false,"sceneViewState":{"showFog":true,"showMaterialUpdate":false,"showSkybox":false,"showFlares":true,"showImageEffects":true,"showParticleSystems":true},"in2DMode":false,"pivot":{"x":53.602134704589847,"y":1.8081333637237549,"z":-2.374898672103882},"rotation":{"x":-0.20630952715873719,"y":0.2554781436920166,"z":-0.05590033158659935,"w":-0.9428966045379639},"size":0.000018199973055743612,"orthographic":false}