{"cameraMode":{"drawMode":0,"name":"Shaded","section":"Shading Mode"},"sceneLighting":false,"audioPlay":false,"sceneViewState":{"showFog":true,"showMaterialUpdate":false,"showSkybox":false,"showFlares":true,"showImageEffects":true,"showParticleSystems":true},"in2DMode":false,"pivot":{"x":-0.021466612815856935,"y":0.22313368320465089,"z":0.001206517219543457},"rotation":{"x":0.10653436928987503,"y":0.39545875787734988,"z":-0.04623991996049881,"w":0.9111167788505554},"size":2.0091326236724855,"orthographic":false}