{"cameraMode":{"drawMode":0,"name":"Shaded","section":"Shading Mode"},"sceneLighting":false,"audioPlay":false,"sceneViewState":{"showFog":true,"showMaterialUpdate":false,"showSkybox":false,"showFlares":true,"showImageEffects":true,"showParticleSystems":true},"in2DMode":false,"pivot":{"x":-0.15550869703292848,"y":0.8498590588569641,"z":-0.5037828683853149},"rotation":{"x":-0.09387313574552536,"y":0.8500159978866577,"z":-0.16206249594688416,"w":-0.4923500418663025},"size":2.325166702270508,"orthographic":false}