{"cameraMode":{"drawMode":0,"name":"Shaded","section":"Shading Mode"},"sceneLighting":false,"audioPlay":false,"sceneViewState":{"showFog":true,"showMaterialUpdate":false,"showSkybox":false,"showFlares":true,"showImageEffects":true,"showParticleSystems":true},"in2DMode":false,"pivot":{"x":0.05988931655883789,"y":0.11650487780570984,"z":0.05988919734954834},"rotation":{"x":-0.09387313574552536,"y":0.8500159978866577,"z":-0.16206249594688416,"w":-0.4923500418663025},"size":2.1169073581695558,"orthographic":false}