{"cameraMode":{"drawMode":0,"name":"Shaded","section":"Shading Mode"},"sceneLighting":false,"audioPlay":false,"sceneViewState":{"showFog":true,"showMaterialUpdate":false,"showSkybox":false,"showFlares":true,"showImageEffects":true,"showParticleSystems":true},"in2DMode":false,"pivot":{"x":-19.424943923950197,"y":22.281190872192384,"z":4.3108296394348148},"rotation":{"x":-0.27750658988952639,"y":-0.6148545742034912,"z":0.2450159788131714,"w":-0.6963812112808228},"size":1.7320507764816285,"orthographic":false}