{"cameraMode":{"drawMode":0,"name":"Shaded","section":"Shading Mode"},"sceneLighting":false,"audioPlay":false,"sceneViewState":{"showFog":true,"showMaterialUpdate":false,"showSkybox":false,"showFlares":true,"showImageEffects":true,"showParticleSystems":true},"in2DMode":false,"pivot":{"x":109.21308135986328,"y":-206.74615478515626,"z":-14.813742637634278},"rotation":{"x":-0.3412521779537201,"y":-0.5903312563896179,"z":0.30198240280151369,"w":-0.6663492918014526},"size":200.69398498535157,"orthographic":false}