{"cameraMode":{"drawMode":0,"name":"Shaded","section":"Shading Mode"},"sceneLighting":false,"audioPlay":false,"sceneViewState":{"showFog":true,"showMaterialUpdate":false,"showSkybox":false,"showFlares":true,"showImageEffects":true,"showParticleSystems":true},"in2DMode":false,"pivot":{"x":-2.6577272415161135,"y":0.16644825041294099,"z":-0.3650168776512146},"rotation":{"x":0.0027648305986076595,"y":0.9730234146118164,"z":0.2303943634033203,"w":-0.01167682558298111},"size":4.44151496887207,"orthographic":false}