{"cameraMode":{"drawMode":0,"name":"Shaded","section":"Shading Mode"},"sceneLighting":false,"audioPlay":false,"sceneViewState":{"showFog":true,"showMaterialUpdate":false,"showSkybox":false,"showFlares":true,"showImageEffects":true,"showParticleSystems":true},"in2DMode":false,"pivot":{"x":-0.07825231552124024,"y":0.7193194031715393,"z":0.06756067276000977},"rotation":{"x":0.10653436928987503,"y":0.39545875787734988,"z":-0.04623991996049881,"w":0.9111167788505554},"size":4.545835494995117,"orthographic":false}