{"cameraMode":{"drawMode":0,"name":"Shaded","section":"Shading Mode"},"sceneLighting":false,"audioPlay":false,"sceneViewState":{"showFog":true,"showMaterialUpdate":false,"showSkybox":false,"showFlares":true,"showImageEffects":true,"showParticleSystems":true},"in2DMode":false,"pivot":{"x":-0.25783443450927737,"y":0.9334081411361694,"z":-1.8152034282684327},"rotation":{"x":-0.2365833818912506,"y":-0.38809120655059817,"z":0.1037849560379982,"w":-0.8846734762191773},"size":1.7320507764816285,"orthographic":false}