{"cameraMode":{"drawMode":0,"name":"Shaded","section":"Shading Mode"},"sceneLighting":false,"audioPlay":false,"sceneViewState":{"showFog":true,"showMaterialUpdate":false,"showSkybox":true,"showFlares":true,"showImageEffects":true,"showParticleSystems":true},"in2DMode":false,"pivot":{"x":49.133602142333987,"y":-0.07666492462158203,"z":-248.72085571289063},"rotation":{"x":0.03694237396121025,"y":-0.9629429578781128,"z":0.19412876665592194,"w":0.18388023972511292},"size":17.296512603759767,"orthographic":false}