{"cameraMode":{"drawMode":0,"name":"Shaded","section":"Shading Mode"},"sceneLighting":false,"audioPlay":false,"sceneViewState":{"showFog":true,"showMaterialUpdate":false,"showSkybox":false,"showFlares":true,"showImageEffects":true,"showParticleSystems":true},"in2DMode":false,"pivot":{"x":344.3999938964844,"y":-4.992067337036133,"z":-22.6299991607666},"rotation":{"x":-0.09774043411016464,"y":0.8593519330024719,"z":-0.17912547290325166,"w":-0.46890830993652346},"size":4.236598491668701,"orthographic":false}