{"cameraMode":{"drawMode":0,"name":"Shaded","section":"Shading Mode"},"sceneLighting":false,"audioPlay":false,"sceneViewState":{"showFog":true,"showMaterialUpdate":false,"showSkybox":false,"showFlares":true,"showImageEffects":true,"showParticleSystems":true},"in2DMode":false,"pivot":{"x":-235.51687622070313,"y":44.929569244384769,"z":56.05430603027344},"rotation":{"x":0.06290534138679505,"y":0.9295835494995117,"z":-0.3106326758861542,"w":0.18823669850826264},"size":2.4476656913757326,"orthographic":false}