{"cameraMode":{"drawMode":0,"name":"Shaded","section":"Shading Mode"},"sceneLighting":false,"audioPlay":false,"sceneViewState":{"showFog":true,"showMaterialUpdate":false,"showSkybox":false,"showFlares":true,"showImageEffects":true,"showParticleSystems":true},"in2DMode":false,"pivot":{"x":-2.482543468475342,"y":11.662559509277344,"z":69.40744018554688},"rotation":{"x":-0.12194594740867615,"y":-0.7958658337593079,"z":0.17087897658348084,"w":-0.5679357647895813},"size":1.1697261333465577,"orthographic":false}